<?xml version="1.0" encoding="UTF-8"?>
<root>
  <item name="android.text.SpannableStringBuilder T[] getSpans(int, int, java.lang.Class&lt;T&gt;) 2">
    <annotation name="android.support.annotation.Nullable" />
  </item>
  <item name="android.text.StaticLayout.Builder android.text.StaticLayout.Builder setBreakStrategy(int) 0">
    <annotation name="android.support.annotation.IntDef">
      <val name="value" val="{android.text.Layout.BREAK_STRATEGY_SIMPLE, android.text.Layout.BREAK_STRATEGY_HIGH_QUALITY, android.text.Layout.BREAK_STRATEGY_BALANCED}" />
    </annotation>
  </item>
  <item name="android.text.StaticLayout.Builder android.text.StaticLayout.Builder setEllipsize(android.text.TextUtils.TruncateAt) 0">
    <annotation name="android.support.annotation.Nullable" />
  </item>
  <item name="android.text.StaticLayout.Builder android.text.StaticLayout.Builder setHyphenationFrequency(int) 0">
    <annotation name="android.support.annotation.IntDef">
      <val name="value" val="{android.text.Layout.HYPHENATION_FREQUENCY_NORMAL, android.text.Layout.HYPHENATION_FREQUENCY_FULL, android.text.Layout.HYPHENATION_FREQUENCY_NONE}" />
    </annotation>
  </item>
  <item name="android.text.TextPaint bgColor">
    <annotation name="android.support.annotation.ColorInt" />
  </item>
  <item name="android.text.TextPaint linkColor">
    <annotation name="android.support.annotation.ColorInt" />
  </item>
  <item name="android.text.TextUtils boolean isEmpty(java.lang.CharSequence)">
    <annotation name="org.jetbrains.annotations.Contract">
      <val name="value" val="&quot;null-&gt;true&quot;" />
    </annotation>
  </item>
  <item name="android.text.TextUtils boolean isEmpty(java.lang.CharSequence) 0">
    <annotation name="android.support.annotation.Nullable" />
  </item>
  <item name="android.text.TextUtils boolean stringOrSpannedString(java.lang.CharSequence)">
    <annotation name="org.jetbrains.annotations.Contract">
      <val name="value" val="&quot;null&gt;null;!null&gt;!null&quot;" />
    </annotation>
  </item>
</root>

