<?xml version="1.0" encoding="UTF-8"?>
<root>
  <item name="android.text.util.Rfc822Token Rfc822Token(java.lang.String, java.lang.String, java.lang.String) 0">
    <annotation name="android.support.annotation.Nullable" />
  </item>
  <item name="android.text.util.Rfc822Token Rfc822Token(java.lang.String, java.lang.String, java.lang.String) 1">
    <annotation name="android.support.annotation.Nullable" />
  </item>
  <item name="android.text.util.Rfc822Token Rfc822Token(java.lang.String, java.lang.String, java.lang.String) 2">
    <annotation name="android.support.annotation.Nullable" />
  </item>
  <item name="android.text.util.Rfc822Token java.lang.String getAddress()">
    <annotation name="android.support.annotation.Nullable" />
  </item>
  <item name="android.text.util.Rfc822Token java.lang.String getComment()">
    <annotation name="android.support.annotation.Nullable" />
  </item>
  <item name="android.text.util.Rfc822Token java.lang.String getName()">
    <annotation name="android.support.annotation.Nullable" />
  </item>
  <item name="android.text.util.Rfc822Token void setAddress(java.lang.String) 0">
    <annotation name="android.support.annotation.Nullable" />
  </item>
  <item name="android.text.util.Rfc822Token void setComment(java.lang.String) 0">
    <annotation name="android.support.annotation.Nullable" />
  </item>
  <item name="android.text.util.Rfc822Token void setName(java.lang.String) 0">
    <annotation name="android.support.annotation.Nullable" />
  </item>
</root>

