<?xml version="1.0" encoding="UTF-8"?>
<root>
  <item name="android.location.LocationManager android.location.Location getLastKnownLocation(java.lang.String)">
    <annotation name="android.support.annotation.RequiresPermission">
      <val name="anyOf" val="{&quot;android.permission.ACCESS_COARSE_LOCATION&quot;, &quot;android.permission.ACCESS_FINE_LOCATION&quot;}" />
    </annotation>
  </item>
  <item name="android.location.LocationManager boolean addGpsStatusListener(android.location.GpsStatus.Listener)">
    <annotation name="android.support.annotation.RequiresPermission">
      <val name="value" val="&quot;android.permission.ACCESS_FINE_LOCATION&quot;" />
    </annotation>
  </item>
  <item name="android.location.LocationManager boolean addNmeaListener(android.location.GpsStatus.NmeaListener)">
    <annotation name="android.support.annotation.RequiresPermission">
      <val name="value" val="&quot;android.permission.ACCESS_FINE_LOCATION&quot;" />
    </annotation>
  </item>
  <item name="android.location.LocationManager void addProximityAlert(double, double, float, long, android.app.PendingIntent)">
    <annotation name="android.support.annotation.RequiresPermission">
      <val name="anyOf" val="{&quot;android.permission.ACCESS_COARSE_LOCATION&quot;, &quot;android.permission.ACCESS_FINE_LOCATION&quot;}" />
    </annotation>
  </item>
  <item name="android.location.LocationManager void removeProximityAlert(android.app.PendingIntent)">
    <annotation name="android.support.annotation.RequiresPermission">
      <val name="anyOf" val="{&quot;android.permission.ACCESS_COARSE_LOCATION&quot;, &quot;android.permission.ACCESS_FINE_LOCATION&quot;}" />
      <val name="apis" val="&quot;..22&quot;" />
    </annotation>
  </item>
  <item name="android.location.LocationManager void removeUpdates(android.location.LocationListener)">
    <annotation name="android.support.annotation.RequiresPermission">
      <val name="anyOf" val="{&quot;android.permission.ACCESS_COARSE_LOCATION&quot;, &quot;android.permission.ACCESS_FINE_LOCATION&quot;}" />
      <val name="apis" val="&quot;..22&quot;" />
    </annotation>
  </item>
  <item name="android.location.LocationManager void requestLocationUpdates(java.lang.String, long, float, android.app.PendingIntent)">
    <annotation name="android.support.annotation.RequiresPermission">
      <val name="anyOf" val="{&quot;android.permission.ACCESS_COARSE_LOCATION&quot;, &quot;android.permission.ACCESS_FINE_LOCATION&quot;}" />
    </annotation>
  </item>
  <item name="android.location.LocationManager void requestLocationUpdates(java.lang.String, long, float, android.location.LocationListener)">
    <annotation name="android.support.annotation.RequiresPermission">
      <val name="anyOf" val="{&quot;android.permission.ACCESS_COARSE_LOCATION&quot;, &quot;android.permission.ACCESS_FINE_LOCATION&quot;}" />
    </annotation>
  </item>
  <item name="android.location.LocationManager void requestLocationUpdates(java.lang.String, long, float, android.location.LocationListener, android.os.Looper)">
    <annotation name="android.support.annotation.RequiresPermission">
      <val name="anyOf" val="{&quot;android.permission.ACCESS_COARSE_LOCATION&quot;, &quot;android.permission.ACCESS_FINE_LOCATION&quot;}" />
    </annotation>
  </item>
  <item name="android.location.LocationManager void requestLocationUpdates(long, float, android.location.Criteria, android.app.PendingIntent)">
    <annotation name="android.support.annotation.RequiresPermission">
      <val name="anyOf" val="{&quot;android.permission.ACCESS_COARSE_LOCATION&quot;, &quot;android.permission.ACCESS_FINE_LOCATION&quot;}" />
    </annotation>
  </item>
  <item name="android.location.LocationManager void requestLocationUpdates(long, float, android.location.Criteria, android.location.LocationListener, android.os.Looper)">
    <annotation name="android.support.annotation.RequiresPermission">
      <val name="anyOf" val="{&quot;android.permission.ACCESS_COARSE_LOCATION&quot;, &quot;android.permission.ACCESS_FINE_LOCATION&quot;}" />
    </annotation>
  </item>
  <item name="android.location.LocationManager void requestSingleUpdate(android.location.Criteria, android.app.PendingIntent)">
    <annotation name="android.support.annotation.RequiresPermission">
      <val name="anyOf" val="{&quot;android.permission.ACCESS_COARSE_LOCATION&quot;, &quot;android.permission.ACCESS_FINE_LOCATION&quot;}" />
    </annotation>
  </item>
  <item name="android.location.LocationManager void requestSingleUpdate(android.location.Criteria, android.location.LocationListener, android.os.Looper)">
    <annotation name="android.support.annotation.RequiresPermission">
      <val name="anyOf" val="{&quot;android.permission.ACCESS_COARSE_LOCATION&quot;, &quot;android.permission.ACCESS_FINE_LOCATION&quot;}" />
    </annotation>
  </item>
  <item name="android.location.LocationManager void requestSingleUpdate(java.lang.String, android.app.PendingIntent)">
    <annotation name="android.support.annotation.RequiresPermission">
      <val name="anyOf" val="{&quot;android.permission.ACCESS_COARSE_LOCATION&quot;, &quot;android.permission.ACCESS_FINE_LOCATION&quot;}" />
    </annotation>
  </item>
  <item name="android.location.LocationManager void requestSingleUpdate(java.lang.String, android.location.LocationListener, android.os.Looper)">
    <annotation name="android.support.annotation.RequiresPermission">
      <val name="anyOf" val="{&quot;android.permission.ACCESS_COARSE_LOCATION&quot;, &quot;android.permission.ACCESS_FINE_LOCATION&quot;}" />
    </annotation>
  </item>
</root>

