<?xml version="1.0" encoding="UTF-8"?>
<root>
  <item name="android.graphics.drawable.Animatable2 boolean unregisterAnimationCallback(android.graphics.drawable.Animatable2.AnimationCallback) 0">
    <annotation name="android.support.annotation.NonNull" />
  </item>
  <item name="android.graphics.drawable.Animatable2 void registerAnimationCallback(android.graphics.drawable.Animatable2.AnimationCallback) 0">
    <annotation name="android.support.annotation.NonNull" />
  </item>
  <item name="android.graphics.drawable.AnimatedStateListDrawable void addState(int[], android.graphics.drawable.Drawable, int) 0">
    <annotation name="android.support.annotation.NonNull" />
  </item>
  <item name="android.graphics.drawable.AnimatedStateListDrawable void addState(int[], android.graphics.drawable.Drawable, int) 1">
    <annotation name="android.support.annotation.NonNull" />
  </item>
  <item name="android.graphics.drawable.AnimatedStateListDrawable void addTransition(int, int, T, boolean) 2">
    <annotation name="android.support.annotation.NonNull" />
  </item>
  <item name="android.graphics.drawable.AnimatedStateListDrawable void applyTheme(android.content.res.Resources.Theme) 0">
    <annotation name="android.support.annotation.Nullable" />
  </item>
  <item name="android.graphics.drawable.AnimatedStateListDrawable void inflate(android.content.res.Resources, org.xmlpull.v1.XmlPullParser, android.util.AttributeSet, android.content.res.Resources.Theme) 0">
    <annotation name="android.support.annotation.NonNull" />
  </item>
  <item name="android.graphics.drawable.AnimatedStateListDrawable void inflate(android.content.res.Resources, org.xmlpull.v1.XmlPullParser, android.util.AttributeSet, android.content.res.Resources.Theme) 1">
    <annotation name="android.support.annotation.NonNull" />
  </item>
  <item name="android.graphics.drawable.AnimatedStateListDrawable void inflate(android.content.res.Resources, org.xmlpull.v1.XmlPullParser, android.util.AttributeSet, android.content.res.Resources.Theme) 2">
    <annotation name="android.support.annotation.NonNull" />
  </item>
  <item name="android.graphics.drawable.AnimatedStateListDrawable void inflate(android.content.res.Resources, org.xmlpull.v1.XmlPullParser, android.util.AttributeSet, android.content.res.Resources.Theme) 3">
    <annotation name="android.support.annotation.Nullable" />
  </item>
  <item name="android.graphics.drawable.AnimatedStateListDrawable void setConstantState(android.graphics.drawable.DrawableContainer.DrawableContainerState) 0">
    <annotation name="android.support.annotation.NonNull" />
  </item>
  <item name="android.graphics.drawable.AnimatedVectorDrawable boolean onLayoutDirectionChanged(int) 0">
    <annotation name="android.support.annotation.IntDef">
      <val name="value" val="{android.view.View.LAYOUT_DIRECTION_LTR, android.view.View.LAYOUT_DIRECTION_RTL}" />
    </annotation>
  </item>
  <item name="android.graphics.drawable.AnimatedVectorDrawable boolean unregisterAnimationCallback(android.graphics.drawable.Animatable2.AnimationCallback) 0">
    <annotation name="android.support.annotation.NonNull" />
  </item>
  <item name="android.graphics.drawable.AnimatedVectorDrawable void getOutline(android.graphics.Outline) 0">
    <annotation name="android.support.annotation.NonNull" />
  </item>
  <item name="android.graphics.drawable.AnimatedVectorDrawable void registerAnimationCallback(android.graphics.drawable.Animatable2.AnimationCallback) 0">
    <annotation name="android.support.annotation.NonNull" />
  </item>
  <item name="android.graphics.drawable.AnimationDrawable android.graphics.drawable.Drawable mutate()">
    <annotation name="android.support.annotation.NonNull" />
  </item>
  <item name="android.graphics.drawable.AnimationDrawable void addFrame(android.graphics.drawable.Drawable, int) 0">
    <annotation name="android.support.annotation.NonNull" />
  </item>
  <item name="android.graphics.drawable.AnimationDrawable void setConstantState(android.graphics.drawable.DrawableContainer.DrawableContainerState) 0">
    <annotation name="android.support.annotation.NonNull" />
  </item>
  <item name="android.graphics.drawable.BitmapDrawable void getOutline(android.graphics.Outline) 0">
    <annotation name="android.support.annotation.NonNull" />
  </item>
  <item name="android.graphics.drawable.ClipDrawable void applyTheme(android.content.res.Resources.Theme) 0">
    <annotation name="android.support.annotation.NonNull" />
  </item>
  <item name="android.graphics.drawable.ClipDrawable void inflate(android.content.res.Resources, org.xmlpull.v1.XmlPullParser, android.util.AttributeSet, android.content.res.Resources.Theme) 0">
    <annotation name="android.support.annotation.NonNull" />
  </item>
  <item name="android.graphics.drawable.ClipDrawable void inflate(android.content.res.Resources, org.xmlpull.v1.XmlPullParser, android.util.AttributeSet, android.content.res.Resources.Theme) 1">
    <annotation name="android.support.annotation.NonNull" />
  </item>
  <item name="android.graphics.drawable.ClipDrawable void inflate(android.content.res.Resources, org.xmlpull.v1.XmlPullParser, android.util.AttributeSet, android.content.res.Resources.Theme) 2">
    <annotation name="android.support.annotation.NonNull" />
  </item>
  <item name="android.graphics.drawable.ClipDrawable void inflate(android.content.res.Resources, org.xmlpull.v1.XmlPullParser, android.util.AttributeSet, android.content.res.Resources.Theme) 3">
    <annotation name="android.support.annotation.Nullable" />
  </item>
  <item name="android.graphics.drawable.ColorDrawable ColorDrawable(int) 0">
    <annotation name="android.support.annotation.ColorInt" />
  </item>
  <item name="android.graphics.drawable.ColorDrawable int getColor()">
    <annotation name="android.support.annotation.ColorInt" />
  </item>
  <item name="android.graphics.drawable.ColorDrawable void getOutline(android.graphics.Outline) 0">
    <annotation name="android.support.annotation.NonNull" />
  </item>
  <item name="android.graphics.drawable.ColorDrawable void setColor(int) 0">
    <annotation name="android.support.annotation.ColorInt" />
  </item>
  <item name="android.graphics.drawable.Drawable boolean getPadding(android.graphics.Rect) 0">
    <annotation name="android.support.annotation.NonNull" />
  </item>
  <item name="android.graphics.drawable.Drawable boolean onLayoutDirectionChanged(int) 0">
    <annotation name="android.support.annotation.IntDef">
      <val name="value" val="{android.view.View.LAYOUT_DIRECTION_LTR, android.view.View.LAYOUT_DIRECTION_RTL}" />
    </annotation>
  </item>
  <item name="android.graphics.drawable.Drawable boolean setLayoutDirection(int) 0">
    <annotation name="android.support.annotation.IntDef">
      <val name="value" val="{android.view.View.LAYOUT_DIRECTION_LTR, android.view.View.LAYOUT_DIRECTION_RTL}" />
    </annotation>
  </item>
  <item name="android.graphics.drawable.Drawable void applyTheme(android.content.res.Resources.Theme) 0">
    <annotation name="android.support.annotation.NonNull" />
  </item>
  <item name="android.graphics.drawable.Drawable void getOutline(android.graphics.Outline) 0">
    <annotation name="android.support.annotation.NonNull" />
  </item>
  <item name="android.graphics.drawable.Drawable void inflate(android.content.res.Resources, org.xmlpull.v1.XmlPullParser, android.util.AttributeSet) 0">
    <annotation name="android.support.annotation.NonNull" />
  </item>
  <item name="android.graphics.drawable.Drawable void inflate(android.content.res.Resources, org.xmlpull.v1.XmlPullParser, android.util.AttributeSet) 1">
    <annotation name="android.support.annotation.NonNull" />
  </item>
  <item name="android.graphics.drawable.Drawable void inflate(android.content.res.Resources, org.xmlpull.v1.XmlPullParser, android.util.AttributeSet) 2">
    <annotation name="android.support.annotation.NonNull" />
  </item>
  <item name="android.graphics.drawable.Drawable void inflate(android.content.res.Resources, org.xmlpull.v1.XmlPullParser, android.util.AttributeSet, android.content.res.Resources.Theme) 0">
    <annotation name="android.support.annotation.NonNull" />
  </item>
  <item name="android.graphics.drawable.Drawable void inflate(android.content.res.Resources, org.xmlpull.v1.XmlPullParser, android.util.AttributeSet, android.content.res.Resources.Theme) 1">
    <annotation name="android.support.annotation.NonNull" />
  </item>
  <item name="android.graphics.drawable.Drawable void inflate(android.content.res.Resources, org.xmlpull.v1.XmlPullParser, android.util.AttributeSet, android.content.res.Resources.Theme) 2">
    <annotation name="android.support.annotation.NonNull" />
  </item>
  <item name="android.graphics.drawable.Drawable void inflate(android.content.res.Resources, org.xmlpull.v1.XmlPullParser, android.util.AttributeSet, android.content.res.Resources.Theme) 3">
    <annotation name="android.support.annotation.Nullable" />
  </item>
  <item name="android.graphics.drawable.Drawable void setColorFilter(android.graphics.ColorFilter) 0">
    <annotation name="android.support.annotation.Nullable" />
  </item>
  <item name="android.graphics.drawable.Drawable void setColorFilter(int, android.graphics.PorterDuff.Mode) 0">
    <annotation name="android.support.annotation.ColorInt" />
  </item>
  <item name="android.graphics.drawable.Drawable void setColorFilter(int, android.graphics.PorterDuff.Mode) 1">
    <annotation name="android.support.annotation.NonNull" />
  </item>
  <item name="android.graphics.drawable.Drawable void setTint(int) 0">
    <annotation name="android.support.annotation.ColorInt" />
  </item>
  <item name="android.graphics.drawable.Drawable void setTintList(android.content.res.ColorStateList) 0">
    <annotation name="android.support.annotation.Nullable" />
  </item>
  <item name="android.graphics.drawable.Drawable void setTintMode(android.graphics.PorterDuff.Mode) 0">
    <annotation name="android.support.annotation.NonNull" />
  </item>
  <item name="android.graphics.drawable.Drawable.ConstantState android.graphics.drawable.Drawable newDrawable()">
    <annotation name="android.support.annotation.NonNull" />
  </item>
  <item name="android.graphics.drawable.Drawable.ConstantState android.graphics.drawable.Drawable newDrawable(android.content.res.Resources)">
    <annotation name="android.support.annotation.NonNull" />
  </item>
  <item name="android.graphics.drawable.Drawable.ConstantState android.graphics.drawable.Drawable newDrawable(android.content.res.Resources) 0">
    <annotation name="android.support.annotation.Nullable" />
  </item>
  <item name="android.graphics.drawable.Drawable.ConstantState android.graphics.drawable.Drawable newDrawable(android.content.res.Resources, android.content.res.Resources.Theme)">
    <annotation name="android.support.annotation.NonNull" />
  </item>
  <item name="android.graphics.drawable.Drawable.ConstantState android.graphics.drawable.Drawable newDrawable(android.content.res.Resources, android.content.res.Resources.Theme) 0">
    <annotation name="android.support.annotation.Nullable" />
  </item>
  <item name="android.graphics.drawable.Drawable.ConstantState android.graphics.drawable.Drawable newDrawable(android.content.res.Resources, android.content.res.Resources.Theme) 1">
    <annotation name="android.support.annotation.Nullable" />
  </item>
  <item name="android.graphics.drawable.DrawableContainer boolean onLayoutDirectionChanged(int) 0">
    <annotation name="android.support.annotation.IntDef">
      <val name="value" val="{android.view.View.LAYOUT_DIRECTION_LTR, android.view.View.LAYOUT_DIRECTION_RTL}" />
    </annotation>
  </item>
  <item name="android.graphics.drawable.DrawableContainer void getOutline(android.graphics.Outline) 0">
    <annotation name="android.support.annotation.NonNull" />
  </item>
  <item name="android.graphics.drawable.DrawableWrapper DrawableWrapper(android.graphics.drawable.Drawable) 0">
    <annotation name="android.support.annotation.Nullable" />
  </item>
  <item name="android.graphics.drawable.DrawableWrapper android.graphics.drawable.Drawable getDrawable()">
    <annotation name="android.support.annotation.Nullable" />
  </item>
  <item name="android.graphics.drawable.DrawableWrapper android.graphics.drawable.Drawable mutate()">
    <annotation name="android.support.annotation.NonNull" />
  </item>
  <item name="android.graphics.drawable.DrawableWrapper android.graphics.drawable.Drawable.ConstantState getConstantState()">
    <annotation name="android.support.annotation.Nullable" />
  </item>
  <item name="android.graphics.drawable.DrawableWrapper boolean getPadding(android.graphics.Rect) 0">
    <annotation name="android.support.annotation.NonNull" />
  </item>
  <item name="android.graphics.drawable.DrawableWrapper boolean onLayoutDirectionChanged(int) 0">
    <annotation name="android.support.annotation.IntDef">
      <val name="value" val="{android.view.View.LAYOUT_DIRECTION_LTR, android.view.View.LAYOUT_DIRECTION_RTL}" />
    </annotation>
  </item>
  <item name="android.graphics.drawable.DrawableWrapper void applyTheme(android.content.res.Resources.Theme) 0">
    <annotation name="android.support.annotation.NonNull" />
  </item>
  <item name="android.graphics.drawable.DrawableWrapper void draw(android.graphics.Canvas) 0">
    <annotation name="android.support.annotation.NonNull" />
  </item>
  <item name="android.graphics.drawable.DrawableWrapper void getHotspotBounds(android.graphics.Rect) 0">
    <annotation name="android.support.annotation.NonNull" />
  </item>
  <item name="android.graphics.drawable.DrawableWrapper void getOutline(android.graphics.Outline) 0">
    <annotation name="android.support.annotation.NonNull" />
  </item>
  <item name="android.graphics.drawable.DrawableWrapper void inflate(android.content.res.Resources, org.xmlpull.v1.XmlPullParser, android.util.AttributeSet, android.content.res.Resources.Theme) 0">
    <annotation name="android.support.annotation.NonNull" />
  </item>
  <item name="android.graphics.drawable.DrawableWrapper void inflate(android.content.res.Resources, org.xmlpull.v1.XmlPullParser, android.util.AttributeSet, android.content.res.Resources.Theme) 1">
    <annotation name="android.support.annotation.NonNull" />
  </item>
  <item name="android.graphics.drawable.DrawableWrapper void inflate(android.content.res.Resources, org.xmlpull.v1.XmlPullParser, android.util.AttributeSet, android.content.res.Resources.Theme) 2">
    <annotation name="android.support.annotation.NonNull" />
  </item>
  <item name="android.graphics.drawable.DrawableWrapper void inflate(android.content.res.Resources, org.xmlpull.v1.XmlPullParser, android.util.AttributeSet, android.content.res.Resources.Theme) 3">
    <annotation name="android.support.annotation.Nullable" />
  </item>
  <item name="android.graphics.drawable.DrawableWrapper void onBoundsChange(android.graphics.Rect) 0">
    <annotation name="android.support.annotation.NonNull" />
  </item>
  <item name="android.graphics.drawable.DrawableWrapper void setColorFilter(android.graphics.ColorFilter) 0">
    <annotation name="android.support.annotation.Nullable" />
  </item>
  <item name="android.graphics.drawable.DrawableWrapper void setDrawable(android.graphics.drawable.Drawable) 0">
    <annotation name="android.support.annotation.Nullable" />
  </item>
  <item name="android.graphics.drawable.DrawableWrapper void setTintList(android.content.res.ColorStateList) 0">
    <annotation name="android.support.annotation.Nullable" />
  </item>
  <item name="android.graphics.drawable.DrawableWrapper void setTintMode(android.graphics.PorterDuff.Mode) 0">
    <annotation name="android.support.annotation.Nullable" />
  </item>
  <item name="android.graphics.drawable.GradientDrawable GradientDrawable(android.graphics.drawable.GradientDrawable.Orientation, int[]) 1">
    <annotation name="android.support.annotation.ColorInt" />
  </item>
  <item name="android.graphics.drawable.GradientDrawable void applyTheme(android.content.res.Resources.Theme) 0">
    <annotation name="android.support.annotation.NonNull" />
  </item>
  <item name="android.graphics.drawable.GradientDrawable void inflate(android.content.res.Resources, org.xmlpull.v1.XmlPullParser, android.util.AttributeSet, android.content.res.Resources.Theme) 0">
    <annotation name="android.support.annotation.NonNull" />
  </item>
  <item name="android.graphics.drawable.GradientDrawable void inflate(android.content.res.Resources, org.xmlpull.v1.XmlPullParser, android.util.AttributeSet, android.content.res.Resources.Theme) 1">
    <annotation name="android.support.annotation.NonNull" />
  </item>
  <item name="android.graphics.drawable.GradientDrawable void inflate(android.content.res.Resources, org.xmlpull.v1.XmlPullParser, android.util.AttributeSet, android.content.res.Resources.Theme) 2">
    <annotation name="android.support.annotation.NonNull" />
  </item>
  <item name="android.graphics.drawable.GradientDrawable void inflate(android.content.res.Resources, org.xmlpull.v1.XmlPullParser, android.util.AttributeSet, android.content.res.Resources.Theme) 3">
    <annotation name="android.support.annotation.Nullable" />
  </item>
  <item name="android.graphics.drawable.GradientDrawable void setColor(int) 0">
    <annotation name="android.support.annotation.ColorInt" />
  </item>
  <item name="android.graphics.drawable.GradientDrawable void setColors(int[]) 0">
    <annotation name="android.support.annotation.ColorInt" />
  </item>
  <item name="android.graphics.drawable.GradientDrawable void setCornerRadii(float[]) 0">
    <annotation name="android.support.annotation.Nullable" />
  </item>
  <item name="android.graphics.drawable.GradientDrawable void setStroke(int, int) 1">
    <annotation name="android.support.annotation.ColorInt" />
  </item>
  <item name="android.graphics.drawable.GradientDrawable void setStroke(int, int, float, float) 1">
    <annotation name="android.support.annotation.ColorInt" />
  </item>
  <item name="android.graphics.drawable.Icon android.graphics.drawable.Icon createWithResource(android.content.Context, int) 1">
    <annotation name="android.support.annotation.DrawableRes" />
  </item>
  <item name="android.graphics.drawable.Icon android.graphics.drawable.Icon createWithResource(java.lang.String, int) 1">
    <annotation name="android.support.annotation.DrawableRes" />
  </item>
  <item name="android.graphics.drawable.Icon android.graphics.drawable.Icon setTint(int) 0">
    <annotation name="android.support.annotation.ColorInt" />
  </item>
  <item name="android.graphics.drawable.InsetDrawable InsetDrawable(android.graphics.drawable.Drawable, int) 0">
    <annotation name="android.support.annotation.Nullable" />
  </item>
  <item name="android.graphics.drawable.InsetDrawable InsetDrawable(android.graphics.drawable.Drawable, int, int, int, int) 0">
    <annotation name="android.support.annotation.Nullable" />
  </item>
  <item name="android.graphics.drawable.InsetDrawable void applyTheme(android.content.res.Resources.Theme) 0">
    <annotation name="android.support.annotation.NonNull" />
  </item>
  <item name="android.graphics.drawable.InsetDrawable void getOutline(android.graphics.Outline) 0">
    <annotation name="android.support.annotation.NonNull" />
  </item>
  <item name="android.graphics.drawable.InsetDrawable void inflate(android.content.res.Resources, org.xmlpull.v1.XmlPullParser, android.util.AttributeSet, android.content.res.Resources.Theme) 0">
    <annotation name="android.support.annotation.NonNull" />
  </item>
  <item name="android.graphics.drawable.InsetDrawable void inflate(android.content.res.Resources, org.xmlpull.v1.XmlPullParser, android.util.AttributeSet, android.content.res.Resources.Theme) 1">
    <annotation name="android.support.annotation.NonNull" />
  </item>
  <item name="android.graphics.drawable.InsetDrawable void inflate(android.content.res.Resources, org.xmlpull.v1.XmlPullParser, android.util.AttributeSet, android.content.res.Resources.Theme) 2">
    <annotation name="android.support.annotation.NonNull" />
  </item>
  <item name="android.graphics.drawable.InsetDrawable void inflate(android.content.res.Resources, org.xmlpull.v1.XmlPullParser, android.util.AttributeSet, android.content.res.Resources.Theme) 3">
    <annotation name="android.support.annotation.Nullable" />
  </item>
  <item name="android.graphics.drawable.LayerDrawable LayerDrawable(android.graphics.drawable.Drawable[]) 0">
    <annotation name="android.support.annotation.NonNull" />
  </item>
  <item name="android.graphics.drawable.LayerDrawable boolean onLayoutDirectionChanged(int) 0">
    <annotation name="android.support.annotation.IntDef">
      <val name="value" val="{android.view.View.LAYOUT_DIRECTION_LTR, android.view.View.LAYOUT_DIRECTION_RTL}" />
    </annotation>
  </item>
  <item name="android.graphics.drawable.LayerDrawable void applyTheme(android.content.res.Resources.Theme) 0">
    <annotation name="android.support.annotation.NonNull" />
  </item>
  <item name="android.graphics.drawable.LayerDrawable void getOutline(android.graphics.Outline) 0">
    <annotation name="android.support.annotation.NonNull" />
  </item>
  <item name="android.graphics.drawable.LayerDrawable void inflate(android.content.res.Resources, org.xmlpull.v1.XmlPullParser, android.util.AttributeSet, android.content.res.Resources.Theme) 0">
    <annotation name="android.support.annotation.NonNull" />
  </item>
  <item name="android.graphics.drawable.LayerDrawable void inflate(android.content.res.Resources, org.xmlpull.v1.XmlPullParser, android.util.AttributeSet, android.content.res.Resources.Theme) 1">
    <annotation name="android.support.annotation.NonNull" />
  </item>
  <item name="android.graphics.drawable.LayerDrawable void inflate(android.content.res.Resources, org.xmlpull.v1.XmlPullParser, android.util.AttributeSet, android.content.res.Resources.Theme) 2">
    <annotation name="android.support.annotation.NonNull" />
  </item>
  <item name="android.graphics.drawable.LayerDrawable void inflate(android.content.res.Resources, org.xmlpull.v1.XmlPullParser, android.util.AttributeSet, android.content.res.Resources.Theme) 3">
    <annotation name="android.support.annotation.Nullable" />
  </item>
  <item name="android.graphics.drawable.LevelListDrawable void setConstantState(android.graphics.drawable.DrawableContainer.DrawableContainerState) 0">
    <annotation name="android.support.annotation.NonNull" />
  </item>
  <item name="android.graphics.drawable.NinePatchDrawable void getOutline(android.graphics.Outline) 0">
    <annotation name="android.support.annotation.NonNull" />
  </item>
  <item name="android.graphics.drawable.RippleDrawable RippleDrawable(android.content.res.ColorStateList, android.graphics.drawable.Drawable, android.graphics.drawable.Drawable) 0">
    <annotation name="android.support.annotation.NonNull" />
  </item>
  <item name="android.graphics.drawable.RippleDrawable RippleDrawable(android.content.res.ColorStateList, android.graphics.drawable.Drawable, android.graphics.drawable.Drawable) 1">
    <annotation name="android.support.annotation.Nullable" />
  </item>
  <item name="android.graphics.drawable.RippleDrawable RippleDrawable(android.content.res.ColorStateList, android.graphics.drawable.Drawable, android.graphics.drawable.Drawable) 2">
    <annotation name="android.support.annotation.Nullable" />
  </item>
  <item name="android.graphics.drawable.RippleDrawable void applyTheme(android.content.res.Resources.Theme) 0">
    <annotation name="android.support.annotation.NonNull" />
  </item>
  <item name="android.graphics.drawable.RippleDrawable void draw(android.graphics.Canvas) 0">
    <annotation name="android.support.annotation.NonNull" />
  </item>
  <item name="android.graphics.drawable.RippleDrawable void getOutline(android.graphics.Outline) 0">
    <annotation name="android.support.annotation.NonNull" />
  </item>
  <item name="android.graphics.drawable.RippleDrawable void inflate(android.content.res.Resources, org.xmlpull.v1.XmlPullParser, android.util.AttributeSet, android.content.res.Resources.Theme) 0">
    <annotation name="android.support.annotation.NonNull" />
  </item>
  <item name="android.graphics.drawable.RippleDrawable void inflate(android.content.res.Resources, org.xmlpull.v1.XmlPullParser, android.util.AttributeSet, android.content.res.Resources.Theme) 1">
    <annotation name="android.support.annotation.NonNull" />
  </item>
  <item name="android.graphics.drawable.RippleDrawable void inflate(android.content.res.Resources, org.xmlpull.v1.XmlPullParser, android.util.AttributeSet, android.content.res.Resources.Theme) 2">
    <annotation name="android.support.annotation.NonNull" />
  </item>
  <item name="android.graphics.drawable.RippleDrawable void inflate(android.content.res.Resources, org.xmlpull.v1.XmlPullParser, android.util.AttributeSet, android.content.res.Resources.Theme) 3">
    <annotation name="android.support.annotation.Nullable" />
  </item>
  <item name="android.graphics.drawable.RotateDrawable void applyTheme(android.content.res.Resources.Theme) 0">
    <annotation name="android.support.annotation.NonNull" />
  </item>
  <item name="android.graphics.drawable.RotateDrawable void inflate(android.content.res.Resources, org.xmlpull.v1.XmlPullParser, android.util.AttributeSet, android.content.res.Resources.Theme) 0">
    <annotation name="android.support.annotation.NonNull" />
  </item>
  <item name="android.graphics.drawable.RotateDrawable void inflate(android.content.res.Resources, org.xmlpull.v1.XmlPullParser, android.util.AttributeSet, android.content.res.Resources.Theme) 1">
    <annotation name="android.support.annotation.NonNull" />
  </item>
  <item name="android.graphics.drawable.RotateDrawable void inflate(android.content.res.Resources, org.xmlpull.v1.XmlPullParser, android.util.AttributeSet, android.content.res.Resources.Theme) 2">
    <annotation name="android.support.annotation.NonNull" />
  </item>
  <item name="android.graphics.drawable.RotateDrawable void inflate(android.content.res.Resources, org.xmlpull.v1.XmlPullParser, android.util.AttributeSet, android.content.res.Resources.Theme) 3">
    <annotation name="android.support.annotation.Nullable" />
  </item>
  <item name="android.graphics.drawable.ScaleDrawable void applyTheme(android.content.res.Resources.Theme) 0">
    <annotation name="android.support.annotation.NonNull" />
  </item>
  <item name="android.graphics.drawable.ScaleDrawable void inflate(android.content.res.Resources, org.xmlpull.v1.XmlPullParser, android.util.AttributeSet, android.content.res.Resources.Theme) 0">
    <annotation name="android.support.annotation.NonNull" />
  </item>
  <item name="android.graphics.drawable.ScaleDrawable void inflate(android.content.res.Resources, org.xmlpull.v1.XmlPullParser, android.util.AttributeSet, android.content.res.Resources.Theme) 1">
    <annotation name="android.support.annotation.NonNull" />
  </item>
  <item name="android.graphics.drawable.ScaleDrawable void inflate(android.content.res.Resources, org.xmlpull.v1.XmlPullParser, android.util.AttributeSet, android.content.res.Resources.Theme) 2">
    <annotation name="android.support.annotation.NonNull" />
  </item>
  <item name="android.graphics.drawable.ScaleDrawable void inflate(android.content.res.Resources, org.xmlpull.v1.XmlPullParser, android.util.AttributeSet, android.content.res.Resources.Theme) 3">
    <annotation name="android.support.annotation.Nullable" />
  </item>
  <item name="android.graphics.drawable.StateListDrawable void setConstantState(android.graphics.drawable.DrawableContainer.DrawableContainerState) 0">
    <annotation name="android.support.annotation.NonNull" />
  </item>
  <item name="android.graphics.drawable.VectorDrawable void inflate(android.content.res.Resources, org.xmlpull.v1.XmlPullParser, android.util.AttributeSet, android.content.res.Resources.Theme) 0">
    <annotation name="android.support.annotation.NonNull" />
  </item>
  <item name="android.graphics.drawable.VectorDrawable void inflate(android.content.res.Resources, org.xmlpull.v1.XmlPullParser, android.util.AttributeSet, android.content.res.Resources.Theme) 1">
    <annotation name="android.support.annotation.NonNull" />
  </item>
  <item name="android.graphics.drawable.VectorDrawable void inflate(android.content.res.Resources, org.xmlpull.v1.XmlPullParser, android.util.AttributeSet, android.content.res.Resources.Theme) 2">
    <annotation name="android.support.annotation.NonNull" />
  </item>
  <item name="android.graphics.drawable.VectorDrawable void inflate(android.content.res.Resources, org.xmlpull.v1.XmlPullParser, android.util.AttributeSet, android.content.res.Resources.Theme) 3">
    <annotation name="android.support.annotation.Nullable" />
  </item>
</root>

